
	<!DOCTYPE project [
		<!ELEMENT project (objectids-table | current-scenario | duration | aggregation-period | truncated-mean | percentile)* >
	
		<!ELEMENT objectids-table (objectids-entry)* >
		<!ELEMENT objectids-entry (#PCDATA)>
		<!ELEMENT duration (#PCDATA)>
		<!ELEMENT truncated-mean (#PCDATA)>
		<!ELEMENT percentile (#PCDATA)>
		<!ELEMENT aggregation-period (#PCDATA)>
		<!ELEMENT current-scenario (#PCDATA)>
		<!ATTLIST duration
		    value CDATA #REQUIRED>
	    <!ATTLIST aggregation-period
		    value CDATA #REQUIRED>
		<!ATTLIST objectids-entry
		    objectid CDATA #REQUIRED
		    type CDATA #REQUIRED
		    value CDATA #REQUIRED
		    key CDATA #REQUIRED>
		<!ATTLIST truncated-mean
		    centered-interval CDATA #REQUIRED
		    percentage CDATA #REQUIRED>
		 <!ATTLIST percentile
		    percentage CDATA #REQUIRED>
	]>


<!--****** RUNTIME PROJECT ******--><project>
<!--****** CURRENT SCENARIO ******-->
<current-scenario>scenario1</current-scenario>
<!--****** OBJECTIDS ******-->
<objectids-table>
<objectids-entry key="" objectid="0" type="LG_HOST" value="localhost:7100"/>
<objectids-entry key="" objectid="1" type="ZONE" value="Default zone"/>
<objectids-entry key="Default zone¤Population1¤" objectid="2" type="POPULATION" value="Population1"/>
<objectids-entry key="Default zone¤Population1¤UserPath_2" objectid="3" type="VIRTUAL_USER" value="UserPath_2"/>
<objectids-entry key="Default zone¤Population1¤UserPath_2" objectid="4" type="BASIC_LOGICAL_CONTAINER" value="$parent=UserPath_2;$index=0"/>
<objectids-entry key="Default zone¤Population1¤UserPath_2" objectid="5" type="BASIC_LOGICAL_CONTAINER" value="53cb96d1-a8e4-4dfd-ac61-c7160ea56435"/>
<objectids-entry key="Default zone¤Population1¤UserPath_2" objectid="6" type="HTTP_PAGE" value="11b1bf78-66c8-4835-b019-abc2a0b7d1ed"/>
<objectids-entry key="Default zone¤Population1¤UserPath_2" objectid="7" type="ACTION" value="fc8853a3-bbbb-4114-9363-69924091f5d4"/>
<objectids-entry key="Default zone¤Population1¤UserPath_2" objectid="8" type="ACTION" value="35e20dd3-3cc0-4a29-92ee-c2906128a9b8"/>
<objectids-entry key="Default zone¤Population1¤UserPath_2" objectid="9" type="ACTION" value="c74bea47-ff4d-41db-96cd-2f2642562144"/>
<objectids-entry key="Default zone¤Population1¤UserPath_2" objectid="10" type="ACTION" value="521e3700-8dbc-4cf7-8042-d8b8b82b84f6"/>
<objectids-entry key="Default zone¤Population1¤UserPath_2" objectid="11" type="ACTION" value="3d1a8136-0550-4837-ab80-2da5502475ab"/>
<objectids-entry key="Default zone¤Population1¤UserPath_2" objectid="12" type="ACTION" value="df191149-9c4d-4a1e-b74b-85d04693cee6"/>
<objectids-entry key="Default zone¤Population1¤UserPath_2" objectid="13" type="ACTION" value="99a7f802-73f5-4954-abe3-4778c5cd1965"/>
<objectids-entry key="Default zone¤Population1¤UserPath_2" objectid="14" type="ACTION" value="097cd37c-1e76-4142-822c-13306875f278"/>
<objectids-entry key="Default zone¤Population1¤UserPath_2" objectid="15" type="ACTION" value="cf223801-b692-4ba0-8a7d-ecdf644a137f"/>
<objectids-entry key="Default zone¤Population1¤UserPath_2" objectid="16" type="ACTION" value="e400c8d0-92be-4395-a93c-7a78d3939760"/>
<objectids-entry key="Default zone¤Population1¤UserPath_2" objectid="17" type="ACTION" value="182c8c76-5dec-45b5-936f-54a58de1ab55"/>
<objectids-entry key="Default zone¤Population1¤UserPath_2" objectid="18" type="BASIC_LOGICAL_CONTAINER" value="$parent=UserPath_2;$index=1"/>
<objectids-entry key="Default zone¤Population1¤UserPath_2" objectid="19" type="BASIC_LOGICAL_CONTAINER" value="5bdd06cd-4db2-41fe-9bc5-a8671e810aa4"/>
<objectids-entry key="Default zone¤Population1¤UserPath_2" objectid="20" type="HTTP_PAGE" value="f1611894-4035-44cb-9b3d-f3c96e76be3b"/>
<objectids-entry key="Default zone¤Population1¤UserPath_2" objectid="21" type="ACTION" value="8c5593cd-78ff-4bf8-88b8-91aafc385e87"/>
<objectids-entry key="Default zone¤Population1¤UserPath_2" objectid="22" type="ACTION" value="9036b895-dacd-47d9-8919-37c73f81d770"/>
<objectids-entry key="Default zone¤Population1¤UserPath_2" objectid="23" type="ACTION" value="8dcb7388-8f15-463f-b364-45abf1fc8710"/>
<objectids-entry key="Default zone¤Population1¤UserPath_2" objectid="24" type="ACTION" value="3615d820-0d00-4ca2-a5c2-6cb4d000b743"/>
<objectids-entry key="Default zone¤Population1¤UserPath_2" objectid="25" type="ACTION" value="fe884a15-b4e7-43ff-ad95-ba473b288a64"/>
<objectids-entry key="Default zone¤Population1¤UserPath_2" objectid="26" type="ACTION" value="4d9d72ec-db79-4f29-adb3-6b389adc8d7c"/>
<objectids-entry key="Default zone¤Population1¤UserPath_2" objectid="27" type="ACTION" value="b2f08d2c-dc39-42b0-9b51-10534763195c"/>
<objectids-entry key="Default zone¤Population1¤UserPath_2" objectid="28" type="ACTION" value="0d0cc925-2540-4bbd-b20d-3285e02ec5dc"/>
<objectids-entry key="Default zone¤Population1¤UserPath_2" objectid="29" type="ACTION" value="828b8ae1-5e4a-4479-9c78-597b9c813246"/>
<objectids-entry key="Default zone¤Population1¤UserPath_2" objectid="30" type="ACTION" value="7078f54a-d658-48fc-85e7-3d6cb862f0b7"/>
<objectids-entry key="Default zone¤Population1¤UserPath_2" objectid="31" type="ACTION" value="f8e94b25-1b6a-462d-8b8a-118a47d875d8"/>
<objectids-entry key="Default zone¤Population1¤UserPath_2" objectid="32" type="BASIC_LOGICAL_CONTAINER" value="$parent=UserPath_2;$index=2"/>
<objectids-entry key="Default zone¤Population1¤UserPath_2" objectid="33" type="BASIC_LOGICAL_CONTAINER" value="b401645e-2b72-4240-a880-b480b704cea4"/>
<objectids-entry key="Default zone¤Population1¤UserPath_2" objectid="34" type="HTTP_PAGE" value="42022e74-fe6a-465b-8eaf-9021b0cc0418"/>
<objectids-entry key="Default zone¤Population1¤UserPath_2" objectid="35" type="ACTION" value="e97a0a77-469a-4349-abd9-0e0b2a74f8f6"/>
<objectids-entry key="Default zone¤Population1¤UserPath_2" objectid="36" type="ACTION" value="4a153c66-d54d-4197-9f2a-913d6ec8cd8f"/>
<objectids-entry key="Default zone¤Population1¤UserPath_2" objectid="37" type="ACTION" value="2072abff-2fed-4602-bdc5-694794d7c968"/>
<objectids-entry key="Default zone¤Population1¤UserPath_2" objectid="38" type="ACTION" value="98fe2d49-1b8d-44d9-9b59-f6aa5fa05af3"/>
<objectids-entry key="Default zone¤Population1¤UserPath_2" objectid="39" type="ACTION" value="55cc0d60-5a23-44f5-a8a8-5bae73b757c6"/>
<objectids-entry key="Default zone¤Population1¤UserPath_2" objectid="40" type="ACTION" value="83098f8e-3a4d-432f-9fb6-00d10bb04832"/>
<objectids-entry key="Default zone¤Population1¤UserPath_2" objectid="41" type="ACTION" value="9b1dfaf7-8982-409b-9b9d-22ccda2fe9f6"/>
<objectids-entry key="Default zone¤Population1¤UserPath_2" objectid="42" type="ACTION" value="fb09fe8c-9c6d-415a-8dc4-793c506f1351"/>
<objectids-entry key="Default zone¤Population1¤UserPath_2" objectid="43" type="ACTION" value="ba54be0d-6ed4-423a-a9c2-54a5a4f7b761"/>
<objectids-entry key="Default zone¤Population1¤UserPath_2" objectid="44" type="ACTION" value="17d877ac-b6bb-4e3c-b2b4-bd97a062e7f8"/>
<objectids-entry key="Default zone¤Population1¤UserPath_2" objectid="45" type="ACTION" value="683aa1a1-1cb3-4fe4-a32f-25315c7b34e7"/>
<objectids-entry key="Default zone¤Population1¤UserPath_2" objectid="46" type="ACTION" value="02043dc8-4865-4d98-9184-cdf39ae360d4"/>
<objectids-entry key="Default zone¤Population1¤UserPath_2" objectid="47" type="ACTION" value="c7410748-33de-4b5b-bd94-1e8f9ba4796f"/>
<objectids-entry key="Default zone¤Population1¤UserPath_2" objectid="48" type="ACTION" value="ac2f69cb-2509-4525-94dd-3f6cd09cb60f"/>
<objectids-entry key="Default zone¤Population1¤UserPath_2" objectid="49" type="ACTION" value="5771d683-540f-411c-b6be-e5c8a5c97d99"/>
<objectids-entry key="Default zone¤Population1¤UserPath_2" objectid="50" type="ACTION" value="117ee7ff-37cf-45d8-81e1-baac60cae163"/>
<objectids-entry key="Default zone¤Population1¤UserPath_2" objectid="51" type="ACTION" value="79db2ebb-e4a0-4c19-9407-22c08cb29785"/>
<objectids-entry key="Default zone¤Population1¤UserPath_2" objectid="52" type="ACTION" value="76288653-514e-46de-84ab-302c4215db1a"/>
<objectids-entry key="Default zone¤Population1¤UserPath_2" objectid="53" type="ACTION" value="5b14a2f7-7cb2-4556-b894-5d67c95ab523"/>
<objectids-entry key="Default zone¤Population1¤UserPath_2" objectid="54" type="ACTION" value="c455ed83-7752-4af3-a325-c3b13951da1e"/>
<objectids-entry key="Default zone¤Population1¤UserPath_2" objectid="55" type="ACTION" value="2171cca7-10ad-4599-8864-9a73e4e0f9c6"/>
<objectids-entry key="¤¤" objectid="56" type="MONITORED_HOST" value="NeoLoad"/>
<objectids-entry key="¤¤" objectid="57" type="MONITORCONNECTION" value="NeoLoad$NeoLoad"/>
<objectids-entry key="¤¤" objectid="58" type="MONITOR" value="NeoLoad$NeoLoad$UserLoad"/>
<objectids-entry key="¤¤" objectid="59" type="MONITOR" value="NeoLoad$NeoLoad$throughput"/>
<objectids-entry key="¤¤" objectid="60" type="MONITOR" value="NeoLoad$NeoLoad$Alerts"/>
<objectids-entry key="¤¤" objectid="61" type="MONITOR" value="NeoLoad$NeoLoad$CriticalAlerts"/>
<objectids-entry key="¤¤" objectid="62" type="MONITOR" value="NeoLoad$NeoLoad$WarningAlerts"/>
<objectids-entry key="¤¤" objectid="63" type="MONITOR" value="NeoLoad$NeoLoad$cpu"/>
<objectids-entry key="¤¤" objectid="64" type="THRESHOLD" value="NeoLoad$NeoLoad$164240e7-1822-4da5-a852-d10eba2ce285"/>
<objectids-entry key="¤¤" objectid="65" type="MONITOR" value="NeoLoad$NeoLoad$memory"/>
<objectids-entry key="¤¤" objectid="66" type="THRESHOLD" value="NeoLoad$NeoLoad$c3f39e5f-eee7-403f-a1de-52f0bcb43fcd"/>
<objectids-entry key="¤¤" objectid="67" type="MONITOR" value="NeoLoad$NeoLoad$threadcount"/>
<objectids-entry key="¤¤" objectid="68" type="MONITOR" value="NeoLoad$NeoLoad$connectedlg"/>
<objectids-entry key="¤¤" objectid="69" type="MONITOR" value="NeoLoad$NeoLoad$totallgdisconnections"/>
<objectids-entry key="¤¤" objectid="70" type="THRESHOLD" value="NeoLoad$NeoLoad$1b027b13-7b84-4376-99ce-dd796e5024bb"/>
<objectids-entry key="¤¤" objectid="71" type="MONITOR" value="NeoLoad$NeoLoad$totallgreconnections"/>
<objectids-entry key="¤¤" objectid="72" type="MONITOR" value="NeoLoad$NeoLoad$otcp.NeoLoad"/>
<objectids-entry key="¤¤" objectid="73" type="MONITOR" value="NeoLoad$NeoLoad$tcp.NeoLoad"/>
<objectids-entry key="¤¤" objectid="74" type="MONITOR" value="NeoLoad$NeoLoad$ibytesperinterface~NeoLoad~wlan0"/>
<objectids-entry key="¤¤" objectid="75" type="MONITOR" value="NeoLoad$NeoLoad$obytesperinterface~NeoLoad~wlan0"/>
<objectids-entry key="¤¤" objectid="76" type="MONITOR" value="NeoLoad$NeoLoad$ibytesperinterface~NeoLoad~eth4"/>
<objectids-entry key="¤¤" objectid="77" type="MONITOR" value="NeoLoad$NeoLoad$obytesperinterface~NeoLoad~eth4"/>
<objectids-entry key="¤¤" objectid="78" type="MONITOR" value="NeoLoad$NeoLoad$ibytesperinterface~NeoLoad~eth2"/>
<objectids-entry key="¤¤" objectid="79" type="MONITOR" value="NeoLoad$NeoLoad$obytesperinterface~NeoLoad~eth2"/>
<objectids-entry key="¤¤" objectid="80" type="MONITOR" value="NeoLoad$NeoLoad$ibytesperinterface~NeoLoad~wlan4"/>
<objectids-entry key="¤¤" objectid="81" type="MONITOR" value="NeoLoad$NeoLoad$obytesperinterface~NeoLoad~wlan4"/>
<objectids-entry key="¤¤" objectid="82" type="MONITOR" value="NeoLoad$NeoLoad$nlwebdownload"/>
<objectids-entry key="¤¤" objectid="83" type="MONITOR" value="NeoLoad$NeoLoad$nlwebupload"/>
<objectids-entry key="¤¤" objectid="84" type="MONITOR" value="NeoLoad$NeoLoad$SapUserLoad"/>
<objectids-entry key="¤¤" objectid="85" type="MONITOR" value="NeoLoad$NeoLoad$zoneuserload~Default zone"/>
<objectids-entry key="¤¤" objectid="86" type="MONITOR" value="NeoLoad$NeoLoad$zoneuserloadperpopulation~Default zone~Population1"/>
<objectids-entry key="¤¤" objectid="87" type="MONITOR" value="NeoLoad$NeoLoad$zoneuserloadperpopulation~Default zone~Population1~UserPath_2"/>
<objectids-entry key="¤¤" objectid="88" type="MONITORED_HOST" value="LG localhost:7100"/>
<objectids-entry key="¤¤" objectid="89" type="MONITORCONNECTION" value="LG localhost:7100$NeoLoad"/>
<objectids-entry key="¤¤" objectid="90" type="MONITOR" value="LG localhost:7100$NeoLoad$lgcpu.localhost:7100"/>
<objectids-entry key="¤¤" objectid="91" type="THRESHOLD" value="LG localhost:7100$NeoLoad$18de7856-5a8e-4cd9-9926-64e6b69d61f5"/>
<objectids-entry key="¤¤" objectid="92" type="MONITOR" value="LG localhost:7100$NeoLoad$lgmemory.localhost:7100"/>
<objectids-entry key="¤¤" objectid="93" type="THRESHOLD" value="LG localhost:7100$NeoLoad$2b0c955e-0c62-4cf9-9575-4210362d8df3"/>
<objectids-entry key="¤¤" objectid="94" type="MONITOR" value="LG localhost:7100$NeoLoad$lgthroughput.localhost:7100"/>
<objectids-entry key="¤¤" objectid="95" type="MONITOR" value="LG localhost:7100$NeoLoad$lguserloadperpopulation~localhost:7100"/>
<objectids-entry key="¤¤" objectid="96" type="MONITOR" value="LG localhost:7100$NeoLoad$lgthreadcount.localhost:7100"/>
<objectids-entry key="¤¤" objectid="97" type="MONITOR" value="LG localhost:7100$NeoLoad$lg.jetty.httpclient.threadpool.used.localhost:7100"/>
<objectids-entry key="¤¤" objectid="98" type="MONITOR" value="LG localhost:7100$NeoLoad$lg.jetty.httpclient.taskpool.used.localhost:7100"/>
<objectids-entry key="¤¤" objectid="99" type="THRESHOLD" value="LG localhost:7100$NeoLoad$489f3505-35f9-42f4-867a-49b2131136c2"/>
<objectids-entry key="¤¤" objectid="100" type="MONITOR" value="LG localhost:7100$NeoLoad$lgdisconnections.localhost:7100"/>
<objectids-entry key="¤¤" objectid="101" type="MONITOR" value="LG localhost:7100$NeoLoad$lgreconnections.localhost:7100"/>
<objectids-entry key="¤¤" objectid="102" type="MONITOR" value="LG localhost:7100$NeoLoad$lgping.localhost:7100"/>
<objectids-entry key="¤¤" objectid="103" type="MONITOR" value="LG localhost:7100$NeoLoad$lgotcp.localhost:7100"/>
<objectids-entry key="¤¤" objectid="104" type="MONITOR" value="LG localhost:7100$NeoLoad$lgtcp.localhost:7100"/>
<objectids-entry key="¤¤" objectid="105" type="MONITOR" value="LG localhost:7100$NeoLoad$lgibytesperinterface~localhost:7100~wlan0"/>
<objectids-entry key="¤¤" objectid="106" type="MONITOR" value="LG localhost:7100$NeoLoad$lgobytesperinterface~localhost:7100~wlan0"/>
<objectids-entry key="¤¤" objectid="107" type="MONITOR" value="LG localhost:7100$NeoLoad$lgibytesperinterface~localhost:7100~eth4"/>
<objectids-entry key="¤¤" objectid="108" type="MONITOR" value="LG localhost:7100$NeoLoad$lgobytesperinterface~localhost:7100~eth4"/>
<objectids-entry key="¤¤" objectid="109" type="MONITOR" value="LG localhost:7100$NeoLoad$lgibytesperinterface~localhost:7100~eth2"/>
<objectids-entry key="¤¤" objectid="110" type="MONITOR" value="LG localhost:7100$NeoLoad$lgobytesperinterface~localhost:7100~eth2"/>
<objectids-entry key="¤¤" objectid="111" type="MONITOR" value="LG localhost:7100$NeoLoad$lgibytesperinterface~localhost:7100~wlan4"/>
<objectids-entry key="¤¤" objectid="112" type="MONITOR" value="LG localhost:7100$NeoLoad$lgobytesperinterface~localhost:7100~wlan4"/>
</objectids-table>
<!--****** DURATION ******-->
<duration value="0"/>
<!--****** AGGREGATION PERIOD ******-->
<aggregation-period value="1000"/>
<!--****** EXTENDED STATISTICS ******-->
<truncated-mean centered-interval="true" percentage="90"/>
<percentile percentage="50"/>
</project>
